Name ,ID,Num_Id
Jan-12,001,1
Feb-12,002,2
Mar-12,003,3
Apr-12,004,4
May-12,005,5
Jun-12,006,6
Jul-12,007,7
Aug-12,008,8
Sep-12,009,9
Oct-12,010,10
Nov-12,011,11
Dec-12,012,12
Jan-13,013,13
Feb-13,014,14
Mar-13,015,15
Apr-13,016,16
May-13,017,17
Jun-13,018,18
Jul-13,019,19
Aug-13,020,20
Sep-13,021,21
Oct-13,022,22
Nov-13,023,23
Dec-13,024,24
Jan-14,025,25
Feb-14,026,26
Mar-14,027,27
Apr-14,028,28
May-14,029,29
Jun-14,030,30
Jul-14,031,31
Aug-14,032,32
Sep-14,033,33
Oct-14,034,34
Nov-14,035,35
Dec-14,036,36
Jan-15,037,37
Feb-15,038,38
Mar-15,039,39
Apr-15,040,40
May-15,041,41
Jun-15,042,42
Jul-15,043,43
Aug-15,044,44
Sep-15,045,45
Oct-15,046,46
Nov-15,047,47
Dec-15,048,48
Jan-16,049,49
Feb-16,050,50
Mar-16,051,51
Apr-16,052,52
May-16,053,53
Jun-16,054,54
Jul-16,055,55
Aug-16,056,56
Sep-16,057,57
Oct-16,058,58
Nov-16,059,59
Dec-16,060,60
Jan-17,061,61
Feb-17,062,62
Mar-17,063,63
Apr-17,064,64
May-17,065,65
Jun-17,066,66
Jul-17,067,67
Aug-17,068,68
Sep-17,069,69
Oct-17,070,70
Nov-17,071,71
Dec-17,072,72
Jan-18,073,73
Feb-18,074,74
Mar-18,075,75
Apr-18,076,76
May-18,077,77
Jun-18,078,78
Jul-18,079,79
Aug-18,080,80
Sep-18,081,81
Oct-18,082,82
Nov-18,083,83
Dec-18,084,84
Jan-19,085,85
Feb-19,086,86
Mar-19,087,87
Apr-19,088,88
May-19,089,89
Jun-19,090,90
Jul-19,091,91
Aug-19,092,92
Sep-19,093,93
Oct-19,094,94
Nov-19,095,95
Dec-19,096,96
Jan-20,097,97
Feb-20,098,98
Mar-20,099,99
Apr-20,100,100
May-20,101,101
Jun-20,102,102
Jul-20,103,103
Aug-20,104,104
Sep-20,105,105
Oct-20,106,106
Nov-20,107,107
Dec-20,108,108
Jan-21,109,109
Feb-21,110,110
Mar-21,111,111
Apr-21,112,112
May-21,113,113
Jun-21,114,114
Jul-21,115,115
Aug-21,116,116
Sep-21,117,117
Oct-21,118,118
Nov-21,119,119
Dec-21,120,120
Jan-22,121,121
Feb-22,122,122
Mar-22,123,123
Apr-22,124,124
May-22,125,125
Jun-22,126,126
Jul-22,127,127
Aug-22,128,128
Sep-22,129,129
Oct-22,130,130
Nov-22,131,131
Dec-22,132,132
Jan-23,133,133
Feb-23,134,134
Mar-23,135,135
Apr-23,136,136
May-23,137,137
Jun-23,138,138
Jul-23,139,139
Aug-23,140,140
Sep-23,141,141
Oct-23,142,142
Nov-23,143,143
Dec-23,144,144
Jan-24,145,145
Feb-24,146,146
Mar-24,147,147
Apr-24,148,148
May-24,149,149
Jun-24,150,150
Jul-24,151,151
Aug-24,152,152
Sep-24,153,153
Oct-24,154,154
Nov-24,155,155
Dec-24,156,156
Jan-25,157,157
Feb-25,158,158
Mar-25,159,159
Apr-25,160,160
May-25,161,161
Jun-25,162,162
